<?xml version="1.0" encoding="UTF-8"?>

<beans xmlns="http://www.springframework.org/schema/beans"
	xmlns:xsi="http://www.w3.org/2001/XMLSchema-instance"
	xsi:schemaLocation="http://www.springframework.org/schema/beans 
 		http://www.springframework.org/schema/beans/spring-beans.xsd">

	<bean id="informationService" class="ems.member.service.EMSInformationService">
		<property name="info">
			<value>Education Management System program was developed in 2021.</value>
		</property>
		<property name="copyRight">
			<value>COPYRIGHT(C) 2021 EMS CO., LTD. ALL RIGHT RESERVED. CONTACT MASTER FOR MORE INFORMATION.</value>
		</property>
		<property name="ver">
			<value>The version is 1.0</value>
		</property>
		<property name="sYear">
			<value>2021</value>
		</property>
		<property name="sMonth">
			<value>1</value>
		</property>
		<property name="sDay">
			<value>1</value>
		</property>
		<property name="eYear" value="2021" />
		<property name="eMonth" value="2" />
		<property name="eDay" value="28" />
		<property name="developers">
			<list>
				<value>Sally.</value>
				<value>Eloy.</value>
				<value>Jasper.</value>
				<value>Dillon.</value>
				<value>Kian.</value>
			</list>
		</property>
		<property name="administrators">
			<map>
				<entry>
					<key>
						<value>Sally</value>
					</key>
					<value>sally@springPjt.org</value>
				</entry>
				<entry>
					<key>
						<value>Jasper</value>
					</key>
					<value>jasper@springPjt.org</value>
				</entry>
			</map>
		</property>
		<property name="dbInfos">
			<map>
				<entry>
					<key>
						<value>dev</value>
					</key>
					<ref bean="dataBaseConnectionInfoDev"/>
				</entry>
				<entry>
					<key>
						<value>real</value>
					</key>
					<ref bean="dataBaseConnectionInfoReal"/>
				</entry>
			</map>
		</property>
	</bean>
	
</beans>