<?xml version="1.0" encoding="UTF-8"?>

<beans xmlns="http://www.springframework.org/schema/beans"
	xmlns:xsi="http://www.w3.org/2001/XMLSchema-instance"
	xsi:schemaLocation="http://www.springframework.org/schema/beans 
 		http://www.springframework.org/schema/beans/spring-beans.xsd">

	<import resource="classpath:appCtx2.xml"/>
	<import resource="classpath:appCtx3.xml"/>

	<!-- appCtx1.xml 파일 -->
	<bean id="studentDao" class="ems.member.dao.StudentDao" ></bean>
	
	
	<bean id="registerService" class="ems.member.service.StudentRegisterService">
		<constructor-arg ref="studentDao" ></constructor-arg>
	</bean>
	
	<bean id="modifyService" class="ems.member.service.StudentModifyService">
		<constructor-arg ref="studentDao" ></constructor-arg>
	</bean>
	
	<bean id="deleteService" class="ems.member.service.StudentDeleteService">
		<constructor-arg ref="studentDao" ></constructor-arg>
	</bean>
	
	<bean id="selectService" class="ems.member.service.StudentSelectService">
		<constructor-arg ref="studentDao" ></constructor-arg>
	</bean>
	
	<bean id="allSelectService" class="ems.member.service.StudentAllSelectService">
		<constructor-arg ref="studentDao" ></constructor-arg>
	</bean>
	
</beans>